Name,Country_code,Country
Amy Johnson,ar_AE,AE
Thomas Wright,ar_AE,AE
Mr. Marco Flores DDS,ar_AE,AE
Marcus Robbins,ar_AE,AE
Susan Montgomery,ar_AE,AE
David Byrd,ar_AE,AE
Maureen Watts,ar_AE,AE
Kenneth Morales,ar_AE,AE
Erica Davis,ar_AE,AE
Brittany Serrano,ar_EG,EG
Olivia Rodriguez,ar_EG,EG
Ian Johnson,ar_EG,EG
Melanie Hernandez,ar_EG,EG
Jordan Cruz,ar_EG,EG
Katelyn Ramirez,ar_EG,EG
Gregory Davis,ar_EG,EG
Samantha Young,ar_EG,EG
Kevin Wall,ar_EG,EG
Nicholas Cardenas,ar_EG,EG
Linda Reed,ar_JO,JO
Nicole Hernandez,ar_JO,JO
Nicole Brady,ar_JO,JO
Steven Cantu,ar_JO,JO
Rebecca Hartman,ar_JO,JO
Richard Armstrong,ar_JO,JO
Edwin Brown,ar_JO,JO
Courtney Thomas,ar_JO,JO
Pamela Adams,ar_JO,JO
David Gutierrez,ar_JO,JO
Mr. Raji Al-Zaytawi,ar_PS,PS
Ms. Haya Al-Hanbali,ar_PS,PS
The owner of the Tamimi,ar_PS,PS
Dr. Rabi Toukan,ar_PS,PS
Wafa Mamesh,ar_PS,PS
Katom Fattair,ar_PS,PS
Fahd Al-Khamm,ar_PS,PS
Nadih al-Haram,ar_PS,PS
Jeans Abu Moon,ar_PS,PS
Mr. meteors butcher,ar_PS,PS
Bland Al Jaafar,ar_SA,SA
Mr. Faraj Al-Maeed,ar_SA,SA
Eng. Come on,ar_SA,SA
Dr. Al-Kharafi,ar_SA,SA
Fahmy Al Kharafi,ar_SA,SA
Raiman Al Muhaidib,ar_SA,SA
Mr. Fahmy Al Muhaidib,ar_SA,SA
Lian Al-Muhanna,ar_SA,SA
Ms. Rovid Kharafi,ar_SA,SA
Lviv Al-Maeed,ar_SA,SA
Nariman Zahid,az_AZ,AZ
Debris Nurlan,az_AZ,AZ
Shovkat Hamid,az_AZ,AZ
Namig,az_AZ,AZ
Namiqi,az_AZ,AZ
Namatel Valiyeva,az_AZ,AZ
Nurana Eyvazli,az_AZ,AZ
Vazeh Hajibeyli,az_AZ,AZ
Nigar Latif,az_AZ,AZ
Gulnur Tahirzade,az_AZ,AZ
